INSERT INTO Customer (name, email) VALUES
('Alice Smith', 'alice@example.com'),
('Bob Johnson', 'bob@example.com'),
('Charlie Brown', 'charlie@example.com'),
('Diana Prince', 'diana@example.com'),
('Ethan Hunt', 'ethan@example.com'),
('Fiona Gallagher', 'fiona@example.com'),
('George Clooney', 'george@example.com'),
('Harry Potter', 'harry@example.com'),
('Ivy Walker', 'ivy@example.com'),
('Jack Sparrow', 'jack@example.com'),
('Katherine Pierce', 'katherine@example.com'),
('Leo DiCaprio', 'leo@example.com'),
('Mia Wallace', 'mia@example.com'),
('Nathan Drake', 'nathan@example.com'),
('Olivia Benson', 'olivia@example.com'),
('Patrick Bateman', 'patrick@example.com'),
('Quentin Tarantino', 'quentin@example.com'),
('Rachel Green', 'rachel@example.com'),
('Steve Rogers', 'steve@example.com'),
('Tony Stark', 'tony@example.com'),
('Ursula Buffay', 'ursula@example.com'),
('Vin Diesel', 'vin@example.com'),
('Wanda Maximoff', 'wanda@example.com'),
('Xander Cage', 'xander@example.com'),
('Yasmine Bleeth', 'yasmine@example.com'),
('Zane Truesdale', 'zane@example.com'),
('Arthur Morgan', 'arthur@example.com'),
('Bridget Jones', 'bridget@example.com'),
('Chandler Bing', 'chandler@example.com'),
('Anna Karenina', 'anna@example.com');

-- Insert Regular Customers (Half of Customers)
INSERT INTO Regular_Customer (customer_id)
SELECT customer_id FROM Customer WHERE customer_id % 2 = 0;

-- Insert Loyalty Customers (Other Half)
INSERT INTO Loyalty_Program (customer_id, membership_tier, available_points)
SELECT 
    customer_id, 
    CASE 
        WHEN random() < 0.33 THEN 'Silver' 
        WHEN random() < 0.66 THEN 'Gold' 
        ELSE 'Platinum' 
    END AS membership_tier,
    FLOOR(random() * 1000) AS available_points
FROM Customer;

-- Insert Loyalty Customers
INSERT INTO Loyalty_Customer (customer_id, membership_id)
SELECT customer_id, membership_id FROM Loyalty_Program;


INSERT INTO Travel_Agent (name, email, agency_name, clients_managed)
VALUES
('Agent Smith', 'smith@travel.com', 'Matrix Travels', 10),
('Lara Croft', 'lara@explorer.com', 'Adventure Seekers', 15),
('James Bond', 'james@mi6.com', 'Secret Travels', 5),
('Indiana Jones', 'indy@archaeo.com', 'Lost Expeditions', 7),
('Ellen Ripley', 'ellen@weyland.com', 'Space Voyages', 12),
('Han Solo', 'han@falcon.com', 'Smuggler Tours', 8),
('Rick Deckard', 'rick@blade.com', 'Future Travels', 9),
('Trinity', 'trinity@matrix.com', 'Cyber Trips', 6),
('Neo Anderson', 'neo@matrix.com', 'Reality Break', 14),
('Sarah Connor', 'sarah@skynet.com', 'Dystopia Getaways', 11),
('Dom Cobb', 'dom@dream.com', 'Mind Travel', 10),
('Walter White', 'walter@meth.com', 'Breaking Trips', 4),
('Saul Goodman', 'saul@goodman.com', 'Legal Travels', 7),
('Michael Scofield', 'michael@escape.com', 'Prison Break Adventures', 5),
('Sherlock Holmes', 'sherlock@detect.com', 'Mystery Travels', 13),
('John Wick', 'john@baba.com', 'Assassin Getaways', 8),
('Dexter Morgan', 'dexter@serial.com', 'Dark Trips', 6),
('Tony Montana', 'tony@scarface.com', 'Miami Lux', 9),
('Frank Castle', 'frank@punisher.com', 'Vengeance Travels', 7),
('Daryl Dixon', 'daryl@apocalypse.com', 'Survival Tours', 11),
('Jack Bauer', 'jack@ctu.com', 'Terrorist Escape', 12),
('MacGyver', 'mac@fix.com', 'DIY Travels', 15),
('Hannibal Lecter', 'hannibal@cannibal.com', 'Fine Dining Journeys', 6),
('Gordon Gekko', 'gordon@greed.com', 'Finance Lux', 9),
('Jordan Belfort', 'jordan@wolf.com', 'Luxury Fraud Tours', 4),
('Forrest Gump', 'forrest@run.com', 'Runaway Adventures', 10),
('Homer Simpson', 'homer@duff.com', 'Duff Beer Trips', 8),
('Peter Griffin', 'peter@family.com', 'Road to Quahog', 7),
('Stan Smith', 'stan@cia.com', 'CIA Missions', 5),
('Eric Cartman', 'eric@southpark.com', 'Offensive Travels', 6);


INSERT INTO Flight (airline_name, departure_location, arrival_location, departure_date_time, seat_capacity, price_per_seat, optional_services) VALUES
('Airways A1', 'New York', 'London', '2025-02-01 08:30:00', 200, 350.00, 'Extra Luggage'),
('Airways B2', 'Los Angeles', 'Tokyo', '2025-02-02 10:00:00', 220, 450.00, 'Priority Check-in'),
('Airways C3', 'Paris', 'Berlin', '2025-02-03 12:15:00', 180, 200.00, 'Meal Included'),
('Airways D4', 'Dubai', 'Mumbai', '2025-02-04 14:45:00', 250, 380.00, 'Extra Legroom'),
('Airways E5', 'Chicago', 'Miami', '2025-02-05 16:20:00', 190, 150.00, 'Window Seat Preferred'),
('Airways F6', 'Sydney', 'Singapore', '2025-02-06 18:50:00', 210, 320.00, 'Lounge Access'),
('Airways G7', 'Toronto', 'Vancouver', '2025-02-07 20:30:00', 230, 220.00, 'Extra Baggage'),
('Airways H8', 'Rome', 'Madrid', '2025-02-08 22:00:00', 200, 180.00, 'In-flight Entertainment'),
('Airways I9', 'Hong Kong', 'Seoul', '2025-02-09 23:45:00', 240, 290.00, 'WiFi Access'),
('Airways J10', 'Bangkok', 'Jakarta', '2025-02-10 06:30:00', 210, 260.00, 'Business Lounge Access'),
('Airways K11', 'San Francisco', 'Honolulu', '2025-02-11 09:00:00', 250, 410.00, 'Extra Baggage'),
('Airways L12', 'Boston', 'Dallas', '2025-02-12 11:20:00', 180, 170.00, 'In-flight Meals'),
('Airways M13', 'Frankfurt', 'Amsterdam', '2025-02-13 13:10:00', 200, 195.00, 'Extra Legroom'),
('Airways N14', 'Beijing', 'Shanghai', '2025-02-14 15:40:00', 220, 285.00, 'WiFi Access'),
('Airways O15', 'Istanbul', 'Athens', '2025-02-15 18:10:00', 240, 300.00, 'Priority Check-in'),
('Airways P16', 'Dubai', 'Cape Town', '2025-02-16 00:00:00', 200, 500.00, 'Lounge Access'),
('Airways Q17', 'Melbourne', 'Bali', '2025-02-17 02:00:00', 190, 260.00, 'Extra Baggage'),
('Airways R18', 'Las Vegas', 'Denver', '2025-02-18 18:40:00', 210, 190.00, 'WiFi Access'),
('Airways S19', 'Toronto', 'New York', '2025-02-19 19:50:00', 220, 240.00, 'Business Lounge'),
('Airways T20', 'Tokyo', 'Osaka', '2025-02-20 13:00:00', 250, 310.00, 'Priority Boarding'),
('Airways U21', 'Vienna', 'Prague', '2025-02-06 06:20:00', 180, 185.00, 'Extra Legroom'),
('Airways V22', 'Mexico City', 'Bogota', '2025-02-12 01:00:00', 240, 350.00, 'WiFi Access'),
('Airways W23', 'Los Angeles', 'Sydney', '2025-01-23 02:00:00', 250, 600.00, 'Extra Baggage'),
('Airways X24', 'Rio de Janeiro', 'Buenos Aires', '2025-01-24 09:30:00', 200, 270.00, 'In-flight Entertainment'),
('Airways Y25', 'Johannesburg', 'Nairobi', '2025-01-25 15:00:00', 220, 330.00, 'Business Lounge'),
('Airways Z26', 'London', 'Paris', '2025-02-02 02:00:00', 230, 210.00, 'Priority Check-in'),
('Airways AA27', 'Chicago', 'San Diego', '2025-01-27 18:45:00', 200, 280.00, 'Extra Legroom'),
('Airways BB28', 'Rome', 'Barcelona', '2025-01-23 22:30:00', 180, 190.00, 'WiFi Access'),
('Airways CC29', 'Seoul', 'Hong Kong', '2025-01-12 06:15:00', 240, 295.00, 'Extra Baggage'),
('Airways DD30', 'Singapore', 'Bangkok', '2025-02-01 09:50:00', 210, 250.00, 'In-flight Meals');



INSERT INTO Accommodation (name, location, type, room_type, price_per_night, add_ons)
VALUES
('Oceanview Resort', 'Maldives', 'Resort', 'Deluxe Suite', 500.00, 'Spa, Breakfast included'),
('Mountain Lodge', 'Swiss Alps', 'Hotel', 'Standard Room', 250.00, 'Free WiFi'),
('City Center Apartments', 'New York', 'Apartment', '1-Bedroom', 150.00, 'Gym access'),
('Luxury Palace', 'Dubai', 'Hotel', 'Presidential Suite', 1500.00, 'Private Pool'),
('Beachfront Paradise', 'Bora Bora', 'Resort', 'Overwater Bungalow', 1200.00, 'All-inclusive'),
('Desert Oasis', 'Arizona', 'Hotel', 'King Room', 350.00, 'Breakfast included'),
('Forest Retreat', 'Oregon', 'Vacation Home', '3-Bedroom Cabin', 400.00, 'Pet Friendly'),
('Downtown Executive Suites', 'Los Angeles', 'Hotel', 'Executive Room', 550.00, 'Rooftop Bar'),
('Chateau de Bordeaux', 'France', 'Hotel', 'Luxury Suite', 800.00, 'Wine Tasting'),
('Seaside Escape', 'California', 'Resort', 'Oceanfront Room', 900.00, 'Private Beach'),
('Mountainview Lodge', 'Colorado', 'Resort', 'King Room', 450.00, 'Hiking Trails'),
('Urban Loft', 'Berlin', 'Apartment', 'Studio', 180.00, 'City View'),
('Tropical Haven', 'Hawaii', 'Vacation Home', 'Villa', 700.00, 'Snorkeling Equipment'),
('Historic Inn', 'London', 'Hotel', 'Queen Room', 220.00, 'Free Afternoon Tea'),
('Savannah Springs', 'Georgia', 'Resort', 'Luxury Cabin', 600.00, 'Golf Course'),
('Swiss Chalet', 'Switzerland', 'Hotel', 'Junior Suite', 350.00, 'Sauna'),
('Art Deco Apartments', 'Miami', 'Apartment', 'Penthouse', 800.00, 'Private Pool'),
('Canyon Lodge', 'Utah', 'Hotel', 'Double Room', 200.00, 'Mountain Views'),
('Riverside Retreat', 'Canada', 'Resort', 'Luxury Suite', 750.00, 'Canoeing'),
('The Grand Palace', 'New York', 'Hotel', 'Royal Suite', 2000.00, 'Private Concierge'),
('Skyline Towers', 'Chicago', 'Apartment', '2-Bedroom', 280.00, 'Gym, Pool'),
('Jungle Paradise', 'Costa Rica', 'Resort', 'Treehouse', 600.00, 'Zip Line'),
('Old Town Suites', 'Rome', 'Hotel', 'Superior Room', 300.00, 'Breakfast Buffet'),
('Beachfront Villas', 'Thailand', 'Vacation Home', '2-Bedroom Villa', 650.00, 'Private Chef'),
('Snowy Peaks Lodge', 'Alaska', 'Resort', 'Mountain View Room', 500.00, 'Skiing'),
('Desert Retreat', 'Morocco', 'Hotel', 'Luxury Room', 400.00, 'Yoga Classes'),
('City Gardens', 'Paris', 'Apartment', 'Loft', 220.00, 'Eiffel Tower View'),
('Royal Ocean Resort', 'Greece', 'Resort', 'Suite', 850.00, 'Private Yacht'),
('Tuscany Hills Retreat', 'Italy', 'Vacation Home', 'Villa', 750.00, 'Cooking Classes'),
('Sunset Resort', 'Jamaica', 'Resort', 'Beachfront Villa', 950.00, 'Snorkeling');

INSERT INTO Transfer (transfer_type, price, pickup_location, drop_off_location, special_requests)
VALUES
('Shared', 50.00, 'Airport', 'Hotel', 'None'),
('Private', 200.00, 'Airport', 'Hotel', 'Wheelchair access'),
('Private', 150.00, 'Train Station', 'Resort', 'Luggage assistance'),
('Shared', 30.00, 'Airport', 'Downtown', 'None'),
('Private', 180.00, 'Hotel', 'Beach', 'Pet Friendly'),
('Shared', 40.00, 'Airport', 'Cruise Port', 'None'),
('Private', 220.00, 'Airport', 'Mountain Lodge', 'Luggage assistance'),
('Shared', 35.00, 'Hotel', 'Airport', 'None'),
('Private', 250.00, 'Train Station', 'Luxury Resort', 'Child seat required'),
('Shared', 45.00, 'Airport', 'Train Station', 'None'),
('Private', 100.00, 'Hotel', 'Ski Resort', 'Ski equipment'),
('Shared', 60.00, 'Cruise Port', 'Hotel', 'None'),
('Private', 170.00, 'Airport', 'Mountain Retreat', 'Wheelchair access'),
('Shared', 40.00, 'Downtown', 'Airport', 'None'),
('Private', 130.00, 'Hotel', 'City Center', 'Luggage assistance'),
('Shared', 25.00, 'Airport', 'Hotel', 'None'),
('Private', 140.00, 'Cruise Port', 'Airport', 'None'),
('Shared', 30.00, 'Train Station', 'Resort', 'None'),
('Private', 200.00, 'Hotel', 'Airport', 'Luggage assistance'),
('Shared', 55.00, 'Hotel', 'Beach', 'None'),
('Private', 160.00, 'Airport', 'Luxury Hotel', 'Child seat required'),
('Shared', 50.00, 'Train Station', 'Hotel', 'None'),
('Private', 180.00, 'Hotel', 'Mountain Resort', 'Pet Friendly'),
('Shared', 45.00, 'Airport', 'Cruise Port', 'None'),
('Private', 210.00, 'Hotel', 'Ski Resort', 'Luggage assistance'),
('Shared', 40.00, 'Airport', 'Downtown', 'None'),
('Private', 200.00, 'Hotel', 'Airport', 'Luggage assistance'),
('Shared', 60.00, 'Train Station', 'Hotel', 'None'),
('Private', 250.00, 'Airport', 'Luxury Resort', 'Wheelchair access'),
('Shared', 50.00, 'Hotel', 'Beach', 'None');

SELECT setval(pg_get_serial_sequence('Booking', 'booking_id'), 1, false);


INSERT INTO Booking (customer_id, agent_id, flight_id, accommodation_id, transfer_id, 
                     number_of_days, seat_class, points_earned, booking_date, total_price, payment_id)
VALUES
(1, 1, 5, 2, 4, 7, 'Economy', 100, '2025-01-01 08:00:00', 3500.00, 1),
(2, 2, 7, 4, 5, 3, 'Business', 120, '2025-01-02 14:30:00', 7500.00, 2),
(3, 3, 3, 6, 2, 10, 'First Class', 200, '2025-01-03 16:45:00', 20000.00, 3),
(5, 5, 2, 3, 7, 7, 'Business', 80, '2025-01-05 09:10:00', 3500.00, 5),
(6, 6, 4, 1, 6, 14, 'First Class', 150, '2025-01-06 18:30:00', 6000.00, 6),
(7, 7, 9, 5, 8, 3, 'Economy', 60, '2025-01-07 13:50:00', 2000.00, 7),
(8, 8, 6, 2, 3, 7, 'Business', 120, '2025-01-08 17:30:00', 4500.00, 8),
(9, 9, 11, 9, NULL, 4, 'First Class', 80, '2025-01-09 12:00:00', 5000.00, 9),
(10, 10, 12, 10, 1, 6, 'Economy', 50, '2025-01-10 08:45:00', 1500.00, 10),
(11, 11, 15, 7, 9, 8, 'Business', 110, '2025-01-11 19:20:00', 3000.00, 11),
(12, 12, 13, 5, 2, 4, 'First Class', 150, '2025-01-12 10:30:00', 4000.00, 12),
(13, 13, 14, 8, 7, 9, 'Economy', 60, '2025-01-13 14:10:00', 2500.00, 13),
(14, 14, 16, 12, 4, 10, 'Business', 100, '2025-01-14 15:00:00', 7500.00, 14),
(3, NULL, 5, 8, NULL, 3, 'Economy', 150, '2025-02-12 14:30:00', 750.00, 24),
(7, 2, 12, 4, 6, 5, 'Business', 300, '2025-01-18 10:15:00', 1450.00, 25),
(12, 3, NULL, 9, 7, 4, 'First Class', 500, '2025-02-02 09:00:00', 2200.00, 26),
(15, 4, 20, NULL, 11, 2, 'Economy', 120, '2025-02-05 17:45:00', 560.00, 27),
(21, NULL, 25, 12, NULL, 6, 'Business', 320, '2025-01-25 22:10:00', 1750.00, 28),
(28, 1, NULL, NULL, 13, 1, 'Economy', 80, '2025-01-30 13:20:00', 300.00, 29),
(3, 2, 30, 15, 9, 7, 'First Class', 600, '2025-02-10 08:50:00', 3100.00, 30),
(16, 16, 5, 2, 10, 5, 'Economy', 90, '2025-01-16 12:50:00', 3500.00, 16),
(17, 17, 18, 6, 1, 6, 'Business', 80, '2025-01-17 14:00:00', 5000.00, 17),
(18, 18, 19, 10, 8, 7, 'First Class', 150, '2025-01-18 16:35:00', 10000.00, 18),
(19, 19, 4, 7, 9, 8, 'Economy', 70, '2025-01-19 13:10:00', 2500.00, 19),
(20, 20, 1, 9, NULL, 3, 'Business', 60, '2025-01-20 08:25:00', 4500.00, 20),
(21, 21, 9, 3, 6, 5, 'First Class', 200, '2025-01-21 09:50:00', 12000.00, 21),
(22, 22, 20, 13, 8, 4, 'Economy', 50, '2025-01-22 11:10:00', 2000.00, 22),
(24, 24, 22, 14, 5, 7, 'First Class', 150, '2025-01-24 08:05:00', 7500.00, 24),
(25, 25, 23, 15, 1, 6, 'Economy', 90, '2025-01-25 13:00:00', 4000.00, 25),
(26, 26, 24, 16, 10, 9, 'Business', 100, '2025-01-26 15:25:00', 5000.00, 26),
(27, 27, 25, 17, NULL, 5, 'First Class', 180, '2025-01-27 17:30:00', 15000.00, 27),
(29, 29, 27, 19, 8, 4, 'Business', 70, '2025-01-29 16:40:00', 4500.00, 29),
(30, 30, 28, 20, 3, 6, 'First Class', 200, '2025-01-30 13:00:00', 12000.00, 30),
(3, 5, 6, 8, 10, 5, 'First Class', 150, '2025-02-01 10:00:00', 5000.00, 3),
(7, 2, 7, 11, 14, 7, 'Economy', 80, '2025-02-02 14:30:00', 2200.00, 4),
(12, 4, 10, 15, 18, 6, 'Business', 100, '2025-02-03 17:00:00', 3000.00, 5),
(15, 6, 13, 19, 22, 4, 'First Class', 200, '2025-02-04 09:30:00', 8000.00, 6),
(21, 8, 16, 20, 25, 3, 'Economy', 50, '2025-02-05 12:45:00', 1800.00, 7),
(28, 10, 18, 22, NULL, 8, 'Business', 120, '2025-02-06 15:30:00', 5000.00, 8);



INSERT INTO Payment (booking_id, amount, payment_method, refund_status)
VALUES
(1, 3500.00, 'Credit Card', FALSE),
(2, 750.00, 'Bank Transfer', FALSE),
(3, 2000.00, 'Loyalty Points', FALSE),
(4, 15000.00, 'Credit Card', TRUE),
(5, 3200.00, 'Bank Transfer', FALSE),
(6, 3500.00, 'Loyalty Points', FALSE),
(7, 5600.00, 'Credit Card', TRUE),
(8, 1100.00, 'Bank Transfer', FALSE),
(9, 3500.00, 'Loyalty Points', FALSE),
(10, 6300.00, 'Credit Card', TRUE),
(11, 1050.00, 'Bank Transfer', FALSE),
(12, 4900.00, 'Loyalty Points', FALSE),
(13, 2800.00, 'Credit Card', TRUE),
(14, 1500.00, 'Bank Transfer', FALSE),
(15, 3000.00, 'Loyalty Points', FALSE),
(16, 8800.00, 'Credit Card', TRUE),
(17, 1200.00, 'Bank Transfer', FALSE),
(18, 4500.00, 'Loyalty Points', TRUE),
(19, 5000.00, 'Credit Card', FALSE),
(20, 3200.00, 'Bank Transfer', FALSE),
(21, 7800.00, 'Loyalty Points', FALSE),
(22, 5000.00, 'Credit Card', TRUE),
(23, 1800.00, 'Bank Transfer', FALSE),
(24, 3500.00, 'Loyalty Points', FALSE),
(25, 7200.00, 'Credit Card', TRUE),
(26, 7200.00, 'Bank Transfer', FALSE),
(27, 1400.00, 'Loyalty Points', FALSE),
(28, 6000.00, 'Credit Card', TRUE),
(29, 1500.00, 'Bank Transfer', FALSE),
(30, 5500.00, 'Loyalty Points', FALSE);

INSERT INTO Feedback (booking_id, customer_id, feedback_type, rating, comments)
VALUES
(1, 1, 'Overall', 5, 'Great experience! Very satisfied with my booking.'),
(2, 2, 'Flight', 4, 'Comfortable flight but food could be better.'),
(3, 3, 'Accommodation', 5, 'Amazing service and beautiful room.'),
(4, 4, 'Flight', 3, 'Flight was delayed, but everything else was fine.'),
(5, 5, 'Transfer', 5, 'Excellent transfer service, very punctual.'),
(6, 6, 'Accommodation', 4, 'Room was fine, but the view was not as expected.'),
(7, 7, 'Flight', 5, 'First-class service was outstanding!'),
(8, 8, 'Transfer', 3, 'Transfer was okay, but the driver was late.'),
(9, 9, 'Overall', 5, 'Fantastic experience, would definitely book again!'),
(10, 10, 'Accommodation', 4, 'Great place, but the check-in process was slow.'),
(11, 11, 'Flight', 4, 'Nice flight, but the seats were cramped.'),
(12, 12, 'Overall', 5, 'Perfect trip, everything went smoothly.'),
(13, 13, 'Accommodation', 3, 'The room was not as advertised, but it was clean.'),
(14, 14, 'Transfer', 4, 'Good service, but the car was not very clean.'),
(15, 15, 'Flight', 5, 'Absolutely fantastic flight experience.'),
(16, 16, 'Accommodation', 4, 'The amenities were great, but the price was high.'),
(17, 17, 'Transfer', 5, 'Smooth transfer and very polite driver.'),
(18, 18, 'Overall', 3, 'Some minor issues, but overall a pleasant stay.'),
(19, 19, 'Accommodation', 4, 'Nice room, but the wifi was slow.'),
(20, 20, 'Flight', 5, 'First-class flight, very comfortable.'),
(21, 21, 'Transfer', 3, 'The transfer was too short, I wish it was longer.'),
(22, 22, 'Accommodation', 4, 'Beautiful place, but too many stairs.'),
(23, 23, 'Overall', 5, 'Wonderful experience, will return!'),
(24, 24, 'Flight', 4, 'Good flight, but the entertainment system failed.'),
(25, 25, 'Accommodation', 5, 'Excellent stay, very luxurious.'),
(26, 26, 'Transfer', 4, 'Good service, but driver could have been friendlier.'),
(27, 27, 'Overall', 4, 'Had a great time, but minor inconveniences.'),
(28, 28, 'Accommodation', 5, 'Absolutely stunning place!'),
(29, 29, 'Flight', 3, 'Flight was delayed, but good service overall.'),
(30, 30, 'Transfer', 4, 'Punctual transfer, but not the most comfortable ride.');
